epoch,time,train/box_loss,train/cls_loss,train/dfl_loss,metrics/precision(B),metrics/recall(B),metrics/mAP50(B),metrics/mAP50-95(B),val/box_loss,val/cls_loss,val/dfl_loss,lr/pg0,lr/pg1,lr/pg2
1,27.3636,1.23083,3.38109,1.13486,0.94693,0.375,0.48651,0.32185,1.14511,3.40711,1.14626,4e-05,4e-05,4e-05
2,28.6198,1.17696,3.53441,1.13084,0.94198,0.375,0.5066,0.32324,1.13488,3.39332,1.14194,9.835e-05,9.835e-05,9.835e-05
3,29.8585,1.07207,2.95487,1.01105,0.66592,0.74763,0.73497,0.55597,0.98885,4.68043,1.05998,0.00015472,0.00015472,0.00015472
4,31.3172,0.88993,1.82673,1.00418,0.75084,0.8125,0.87149,0.6784,0.88954,3.86448,1.0461,0.00020911,0.00020911,0.00020911
5,33.383,0.8752,1.62305,1.03601,0.77622,0.86755,0.8931,0.68062,0.92644,3.5019,1.10405,0.00026152,0.00026152,0.00026152
6,35.1486,0.94199,1.30039,1.0035,0.926,0.875,0.91004,0.68471,0.91081,2.62264,1.06768,0.00031195,0.00031195,0.00031195
7,36.5787,0.92296,1.17346,0.9996,0.86744,0.875,0.88341,0.66142,0.96025,2.49672,1.09151,0.0003604,0.0003604,0.0003604
8,37.9551,0.84362,1.00488,0.97173,0.87428,0.875,0.86399,0.67187,0.9413,2.27647,1.08415,0.00040687,0.00040687,0.00040687
9,39.252,0.88199,0.98272,0.98958,0.75051,0.75,0.78947,0.58461,1.0091,2.58219,1.11634,0.00045136,0.00045136,0.00045136
10,40.5396,0.90169,1.04203,0.93881,0.76614,0.875,0.80545,0.595,0.9695,2.33534,1.12447,0.00049387,0.00049387,0.00049387
11,41.8764,0.90445,0.91662,1.01056,0.85245,0.5625,0.74447,0.58067,0.88656,2.66546,1.05173,0.0005344,0.0005344,0.0005344
12,43.1797,0.84751,0.92144,0.98614,0.91356,0.66186,0.76471,0.59832,0.94281,2.28279,1.05875,0.00057295,0.00057295,0.00057295
13,44.5379,0.82589,0.67885,0.98079,0.92144,0.75,0.8005,0.61391,0.91357,1.90593,1.02233,0.00060952,0.00060952,0.00060952
14,46.4803,0.90617,0.75839,0.94323,0.74451,0.75,0.73779,0.58935,0.9627,2.29296,1.03595,0.00064411,0.00064411,0.00064411
15,48.2138,0.84463,0.699,0.9592,0.86981,0.625,0.80049,0.63156,0.96516,2.0308,1.06362,0.00067672,0.00067672,0.00067672
16,49.5691,0.83162,0.62687,0.99534,0.90217,0.5774,0.75748,0.61549,0.88337,2.16243,1.02169,0.00070735,0.00070735,0.00070735
17,50.8899,0.80929,0.60612,0.95707,0.86627,0.40693,0.71582,0.57093,0.93073,2.4932,1.05844,0.000736,0.000736,0.000736
18,52.1362,0.84867,0.63138,0.93131,0.88326,0.47469,0.71539,0.59481,0.86099,2.41507,1.03181,0.00076267,0.00076267,0.00076267
19,53.473,0.77241,0.60664,0.92286,0.7855,0.23188,0.40621,0.31996,0.87764,2.90185,1.05271,0.00078736,0.00078736,0.00078736
20,54.8294,0.79338,0.64312,0.9785,0.75176,0.37896,0.56448,0.42815,1.01782,2.45497,1.10453,0.00081007,0.00081007,0.00081007
21,56.1808,0.81114,0.58663,0.95043,0.61953,0.4375,0.41522,0.32349,1.09394,2.20256,1.1294,0.0008308,0.0008308,0.0008308
22,57.5297,0.77164,0.55939,0.95891,0.56937,0.4375,0.42958,0.31529,1.04921,1.99334,1.08832,0.00084955,0.00084955,0.00084955
23,59.4744,0.82393,0.63653,0.96333,0.70955,0.8125,0.75186,0.57745,0.95194,1.39962,1.06082,0.00086632,0.00086632,0.00086632
24,61.2758,0.74193,0.521,0.93189,0.88527,0.8125,0.87208,0.67819,0.8645,1.10537,1.03335,0.00088111,0.00088111,0.00088111
25,62.5917,0.77162,0.52999,0.96768,0.18213,0.625,0.18232,0.14548,0.91299,1.59737,1.07919,0.00089392,0.00089392,0.00089392
26,63.8796,0.69322,0.51196,0.88315,0.29571,0.75,0.26614,0.19754,0.93708,1.4583,1.07348,0.00090475,0.00090475,0.00090475
27,65.2041,0.749,0.5384,0.93866,0.95048,0.8125,0.9059,0.66469,0.96505,0.96997,1.05533,0.0009136,0.0009136,0.0009136
28,66.5037,0.69283,0.4817,0.94396,1,0.92967,0.95346,0.69004,0.95305,0.76626,1.05182,0.00092047,0.00092047,0.00092047
29,67.8176,0.71213,0.48552,0.90291,1,0.92967,0.95346,0.69004,0.95305,0.76626,1.05182,0.00092536,0.00092536,0.00092536
30,69.2777,0.74522,0.48728,0.94366,0.98853,0.9375,0.9447,0.74522,0.87662,0.72049,1.0427,0.00092827,0.00092827,0.00092827
31,70.651,0.68752,0.46317,0.93859,0.98643,0.9375,0.94206,0.71764,0.8626,0.70482,1.03424,0.0009292,0.0009292,0.0009292
32,72.3552,0.69854,0.50933,0.92343,0.9768,0.9375,0.93617,0.72363,0.85149,0.73937,1.03424,0.00092815,0.00092815,0.00092815
33,74.2495,0.67242,0.48654,0.92563,0.9768,0.9375,0.93617,0.72363,0.85149,0.73937,1.03424,0.00092512,0.00092512,0.00092512
34,75.6786,0.73753,0.48026,0.93725,0.88499,0.9375,0.95417,0.74816,0.81568,0.64175,1.02633,0.000911,0.000911,0.000911
35,77.0664,0.70326,0.46536,0.93028,0.83256,0.9326,0.95056,0.75119,0.8191,0.62666,1.0455,0.000878,0.000878,0.000878
36,78.4154,0.74144,0.46521,0.92961,0.93153,0.8513,0.94944,0.7376,0.8172,0.64246,1.04481,0.000845,0.000845,0.000845
37,79.7315,0.68924,0.45695,0.90025,0.93153,0.8513,0.94944,0.7376,0.8172,0.64246,1.04481,0.000812,0.000812,0.000812
38,81.0414,0.63077,0.42107,0.91033,0.92411,0.875,0.953,0.73228,0.78198,0.59647,1.01092,0.000779,0.000779,0.000779
39,82.3666,0.63386,0.4432,0.8764,0.93671,0.92562,0.95525,0.73854,0.80878,0.62934,1.0081,0.000746,0.000746,0.000746
40,83.6969,0.64835,0.44173,0.88558,1,0.91661,0.95962,0.75511,0.87162,0.64214,1.02618,0.000713,0.000713,0.000713
41,85.3446,0.67069,0.4192,0.88768,1,0.91661,0.95962,0.75511,0.87162,0.64214,1.02618,0.00068,0.00068,0.00068
42,87.3907,0.66807,0.43829,0.89718,1,0.93687,0.95733,0.75051,0.84958,0.58601,1.01139,0.000647,0.000647,0.000647
43,88.9784,0.64894,0.42241,0.86983,1,0.93102,0.95024,0.76916,0.80093,0.57072,0.99051,0.000614,0.000614,0.000614
44,90.3409,0.71519,0.48443,0.91811,1,0.92413,0.95184,0.76819,0.77489,0.55478,0.98112,0.000581,0.000581,0.000581
45,91.6077,0.65306,0.4275,0.89561,1,0.92413,0.95184,0.76819,0.77489,0.55478,0.98112,0.000548,0.000548,0.000548
46,92.9815,0.62278,0.4022,0.9024,1,0.92803,0.95459,0.75704,0.77356,0.54911,0.97973,0.000515,0.000515,0.000515
47,94.2739,0.60757,0.41067,0.92688,1,0.93226,0.95786,0.76183,0.81839,0.53442,0.9984,0.000482,0.000482,0.000482
48,95.5891,0.56898,0.3889,0.88931,1,0.93463,0.96095,0.7724,0.81152,0.49407,0.99813,0.000449,0.000449,0.000449
49,96.9553,0.60719,0.40092,0.87452,1,0.93463,0.96095,0.7724,0.81152,0.49407,0.99813,0.000416,0.000416,0.000416
50,98.4073,0.56589,0.38099,0.87866,1,0.93402,0.96409,0.77283,0.7875,0.49436,0.99376,0.000383,0.000383,0.000383
51,102.07,0.59296,0.3861,0.91492,1,0.93402,0.96929,0.78448,0.77736,0.48517,0.9903,0.00035,0.00035,0.00035
52,104.177,0.5704,0.40307,0.88126,1,0.93339,0.96929,0.78544,0.78053,0.49258,0.99126,0.000317,0.000317,0.000317
53,105.49,0.59019,0.39224,0.89374,1,0.93339,0.96929,0.78544,0.78053,0.49258,0.99126,0.000284,0.000284,0.000284
54,106.894,0.54483,0.36246,0.86451,1,0.93302,0.96929,0.79059,0.79421,0.5033,0.99493,0.000251,0.000251,0.000251
55,108.266,0.546,0.35942,0.88659,0.99801,0.9375,0.97192,0.77396,0.79658,0.50156,0.99568,0.000218,0.000218,0.000218
56,109.565,0.58825,0.37063,0.88186,0.99805,0.9375,0.97056,0.80053,0.76669,0.4801,0.98579,0.000185,0.000185,0.000185
57,110.992,0.51387,0.34452,0.85963,0.99805,0.9375,0.97056,0.80053,0.76669,0.4801,0.98579,0.000152,0.000152,0.000152
58,112.745,0.52436,0.34893,0.85974,0.9979,0.9375,0.9734,0.79136,0.74845,0.45937,0.98036,0.000119,0.000119,0.000119
59,114.545,0.52873,0.3468,0.85402,0.99713,0.9375,0.97192,0.80854,0.73824,0.44203,0.97942,8.6e-05,8.6e-05,8.6e-05
60,116.002,0.53954,0.35761,0.86961,0.99612,0.9375,0.97192,0.80662,0.73918,0.44177,0.98123,5.3e-05,5.3e-05,5.3e-05
